{
  "nodos": {
    "nodo1": {
      "ip": "172.26.166.20",
      "port": 5000,
      "capacity": 70,
      "status": "online",
      "used": 0,
      "last_seen": 1764357359.182983
    },
    "nodo2": {
      "ip": "172.26.166.20",
      "port": 5000,
      "capacity": 70,
      "status": "online",
      "used": 0,
      "last_seen": 1764357359.3227925
    }
  }
}