{
  "nodos": {
    "nodo1": {
      "ip": "127.0.0.1",
      "port": 5000,
      "capacity": 70,
      "status": "online",
      "used": 0,
      "last_seen": 1764282815.464122
    },
    "nodo2": {
      "ip": "172.31.14.108",
      "port": 5000,
      "capacity": 70,
      "status": "online",
      "used": 0,
      "last_seen": 1764282817.3299067
    }
  }
}